<?xml version="1.0" encoding="UTF-8"?>
<project-private xmlns="http://www.netbeans.org/ns/project-private/1">
    <editor-bookmarks xmlns="http://www.netbeans.org/ns/editor-bookmarks/2" lastBookmarkId="0"/>
    <open-files xmlns="http://www.netbeans.org/ns/projectui-open-files/1">
        <file>file:/home/salim/MyWork/MyWork/surf/glp1.4/themes/default/framedForm.inc.php</file>
        <file>file:/home/salim/MyWork/MyWork/surf/glp1.4/browse.php</file>
        <file>file:/home/salim/MyWork/MyWork/surf/glp1.4/includes/parser.php</file>
    </open-files>
</project-private>
