<?xml version="1.0" encoding="UTF-8"?>
<project-private xmlns="http://www.netbeans.org/ns/project-private/1">
    <editor-bookmarks xmlns="http://www.netbeans.org/ns/editor-bookmarks/2" lastBookmarkId="0"/>
    <open-files xmlns="http://www.netbeans.org/ns/projectui-open-files/2">
        <group name="My Work">
            <file>file:/home/salim/Development/MyWorkPublic/sip/SIPTOOLS/SipLib/src/siplib/SipServerTest.java</file>
            <file>file:/home/salim/Development/MyWorkPublic/sip/SIPTOOLS/SipLib/src/siplib/SipListenerServer.java</file>
        </group>
    </open-files>
</project-private>
