<?xml version="1.0" encoding="UTF-8"?>
<project-private xmlns="http://www.netbeans.org/ns/project-private/1">
    <editor-bookmarks xmlns="http://www.netbeans.org/ns/editor-bookmarks/2" lastBookmarkId="0"/>
    <open-files xmlns="http://www.netbeans.org/ns/projectui-open-files/2">
        <group name="My Work">
            <file>file:/home/salim/Development/MyWorkPublic/webrtc/mediaSample/public_html/media/accessMediaCrsbrwsv2.html</file>
            <file>file:/home/salim/Development/MyWorkPublic/webrtc/mediaSample/public_html/media/audiovideo/mediastreamstack/index.html</file>
        </group>
    </open-files>
</project-private>
